{
"lengthUnit": "mil",
"components": {
	"fields": ["COMPONENT_NO", "COMPONENT_NAME", "LAYER", "X_COORDINATE", "Y_COORDINATE", "ANGLE"],
	"rows": [
		[1, "H1", "T", 71.82, -938.62, 0],
		[2, "H2", "T", 71.82, -1038.31, 0],
		[3, "H3", "T", 71.82, -1137.99, 0],
		[4, "H4", "T", 71.82, -1237.68, 0],
		[5, "H5", "T", 71.82, -1337.36, 0],
		[6, "H6", "T", 71.82, -1437.05, 0],
		[7, "H7", "T", 71.82, -1536.73, 0],
		[8, "H8", "T", 71.82, -1636.42, 0],
		[9, "H8N1", "T", -523.18, -1236.42, 0],
		[10, "H9", "T", 71.82, -1736.1, 0],
		[11, "H9N1", "T", -523.18, -1336.1, 0],
		[12, "H10", "T", 71.82, -1835.79, 0],
		[13, "H10", "T", -523.18, -1435.79, 0],
		[14, "H10N1", "T", -522.57, -540.79, 0],
		[15, "H11", "T", 71.82, -1935.47, 0],
		[16, "H11", "T", -523.18, -1535.47, 0],
		[17, "H11N1", "T", -522.57, -640.47, 0],
		[18, "H12", "T", 71.82, -2035.16, 0],
		[19, "H12", "T", -523.18, -1635.16, 0],
		[20, "H12N1", "T", -522.57, -740.16, 0],
		[21, "H13", "T", 71.82, -2134.84, 0],
		[22, "H13", "T", -523.18, -1734.84, 0],
		[23, "H13N1", "T", -522.57, -839.84, 0],
		[24, "H14", "T", 71.82, -2234.53, 0],
		[25, "H14N1", "T", -523.18, -1834.53, 0],
		[26, "H15", "T", 71.82, -2334.21, 0],
		[27, "H15N1", "T", -523.18, -1934.21, 0],
		[28, "H16", "T", 71.82, -440.2, 0],
		[29, "H17", "T", 71.82, -539.88, 0],
		[30, "H18", "T", 71.82, -639.57, 0],
		[31, "H19", "T", 71.82, -739.25, 0],
		[32, "H20", "T", 71.82, -838.94, 0],
		[33, "H21", "T", 1072.14, -938.62, 0],
		[34, "H22", "T", 1072.14, -1038.31, 0],
		[35, "H23", "T", 1072.14, -1137.99, 0],
		[36, "H24", "T", 1072.14, -1237.68, 0],
		[37, "H25", "T", 1072.14, -1337.36, 0],
		[38, "H26", "T", 1072.14, -1437.05, 0],
		[39, "H26", "T", 662.15, -586.06, 0],
		[40, "H26", "T", 560, -585, 0],
		[41, "H26", "T", 710, -480, 0],
		[42, "H26N1", "T", 510, -485, 0],
		[43, "H27", "T", 1072.14, -1536.73, 0],
		[44, "H28", "T", 1072.14, -1636.42, 0],
		[45, "H29", "T", 1072.14, -1736.1, 0],
		[46, "H30", "T", 1072.14, -1835.79, 0],
		[47, "H31", "T", 1072.14, -1935.47, 0],
		[48, "H32", "T", 1072.14, -2035.16, 0],
		[49, "H33", "T", 1072.14, -2134.84, 0],
		[50, "H34", "T", 1072.14, -2234.53, 0],
		[51, "H35", "T", 1072.14, -2334.21, 0],
		[52, "H36", "T", 1072.14, -440.2, 0],
		[53, "H37", "T", 1072.14, -539.88, 0],
		[54, "H38", "T", 1072.14, -639.57, 0],
		[55, "H39", "T", 1072.14, -739.25, 0],
		[56, "H40", "T", 1072.14, -838.94, 0],
		[57, "SW1", "T", 1495, -660, 0],
		[58, "SW2", "T", 1980, -910, 0],
		[59, "SW3", "T", 1755, -1620, 0],
		[60, "SW4", "T", 1415, -1925, 0],
		[61, "SW5", "T", 2100, -1925, 0],
		[62, "SW6", "T", 1755, -2230, 0],
		[63, "PAD1", "T", 1325.71, -748.59, 0],
		[64, "PAD1", "B", 1325.71, -748.59, 0],
		[65, "PAD2", "T", 1810, -1000, 0],
		[66, "PAD2", "B", 1810, -1000, 0],
		[67, "PAD3", "T", 1585, -1530, 0],
		[68, "PAD3", "B", 1585, -1530, 0],
		[69, "PAD4", "T", 1925, -1835, 0],
		[70, "PAD4", "B", 1925, -1835, 0],
		[71, "PAD5", "T", 1242.44, -1835.75, 0],
		[72, "PAD5", "B", 1242.44, -1835.75, 0],
		[73, "PAD6", "T", 1585, -2145, 0],
		[74, "PAD6", "B", 1585, -2145, 0],
		[75, "PAD7", "T", 1650, -1275, 0],
		[76, "PAD7", "B", 1650, -1275, 0]
	]
},
"pins": {
	"fields": ["PIN_NO", "PIN_NAME", "PIN_X", "PIN_Y", "LAYER", "PIN_TYPE", "NET_NAME", "NET_TYPE", "PAD_SHAPE", "PAD_SIZEX", "PAD_SIZEY", "HOLE_SIZE", "PAD_ANGLE"],
	"rows": [
		[1, "H1_1", 71.82, -938.62, "T", "DIP", "H1_1", "", "C", 66.93, 66.93, 43.31, 0],
		[2, "H1_1", 71.82, -938.62, "B", "DIP", "H1_1", "", "C", 66.93, 66.93, 43.31, 0],
		[3, "H2_1", 71.82, -1038.31, "T", "DIP", "H2_1", "", "C", 66.93, 66.93, 43.31, 0],
		[4, "H2_1", 71.82, -1038.31, "B", "DIP", "H2_1", "", "C", 66.93, 66.93, 43.31, 0],
		[5, "H3_1", 71.82, -1137.99, "T", "DIP", "H3_1", "", "C", 66.93, 66.93, 43.31, 0],
		[6, "H3_1", 71.82, -1137.99, "B", "DIP", "H3_1", "", "C", 66.93, 66.93, 43.31, 0],
		[7, "H4_1", 71.82, -1237.68, "T", "DIP", "H4_1", "", "C", 66.93, 66.93, 43.31, 0],
		[8, "H4_1", 71.82, -1237.68, "B", "DIP", "H4_1", "", "C", 66.93, 66.93, 43.31, 0],
		[9, "H5_1", 71.82, -1337.36, "T", "DIP", "H5_1", "", "C", 66.93, 66.93, 43.31, 0],
		[10, "H5_1", 71.82, -1337.36, "B", "DIP", "H5_1", "", "C", 66.93, 66.93, 43.31, 0],
		[11, "H6_1", 71.82, -1437.05, "T", "DIP", "H6_1", "", "C", 66.93, 66.93, 43.31, 0],
		[12, "H6_1", 71.82, -1437.05, "B", "DIP", "H6_1", "", "C", 66.93, 66.93, 43.31, 0],
		[13, "H7_1", 71.82, -1536.73, "T", "DIP", "H7_1", "", "C", 66.93, 66.93, 43.31, 0],
		[14, "H7_1", 71.82, -1536.73, "B", "DIP", "H7_1", "", "C", 66.93, 66.93, 43.31, 0],
		[15, "H8_1", 71.82, -1636.42, "T", "DIP", "H8_1", "", "C", 66.93, 66.93, 43.31, 0],
		[16, "H8_1", 71.82, -1636.42, "B", "DIP", "H8_1", "", "C", 66.93, 66.93, 43.31, 0],
		[17, "H8N1_1", -523.18, -1236.42, "T", "DIP", "H8N1_1", "", "R", 66.93, 66.93, 43.31, 0],
		[18, "H8N1_1", -523.18, -1236.42, "B", "DIP", "H8N1_1", "", "R", 66.93, 66.93, 43.31, 0],
		[19, "H9_1", 71.82, -1736.1, "T", "DIP", "H9_1", "", "C", 66.93, 66.93, 43.31, 0],
		[20, "H9_1", 71.82, -1736.1, "B", "DIP", "H9_1", "", "C", 66.93, 66.93, 43.31, 0],
		[21, "H9N1_1", -523.18, -1336.1, "T", "DIP", "H9N1_1", "", "C", 66.93, 66.93, 43.31, 0],
		[22, "H9N1_1", -523.18, -1336.1, "B", "DIP", "H9N1_1", "", "C", 66.93, 66.93, 43.31, 0],
		[23, "H10_1", 71.82, -1835.79, "T", "DIP", "H10_1", "", "C", 66.93, 66.93, 43.31, 0],
		[24, "H10_1", 71.82, -1835.79, "B", "DIP", "H10_1", "", "C", 66.93, 66.93, 43.31, 0],
		[25, "H10_1", -523.18, -1435.79, "T", "DIP", "H10_A_1", "", "C", 66.93, 66.93, 43.31, 0],
		[26, "H10_1", -523.18, -1435.79, "B", "DIP", "H10_A_1", "", "C", 66.93, 66.93, 43.31, 0],
		[27, "H10N1_1", -522.57, -540.79, "T", "DIP", "H10N1_1", "", "C", 66.93, 66.93, 43.31, 0],
		[28, "H10N1_1", -522.57, -540.79, "B", "DIP", "H10N1_1", "", "C", 66.93, 66.93, 43.31, 0],
		[29, "H11_1", 71.82, -1935.47, "T", "DIP", "H11_1", "", "C", 66.93, 66.93, 43.31, 0],
		[30, "H11_1", 71.82, -1935.47, "B", "DIP", "H11_1", "", "C", 66.93, 66.93, 43.31, 0],
		[31, "H11_1", -523.18, -1535.47, "T", "DIP", "H11_A_1", "", "C", 66.93, 66.93, 43.31, 0],
		[32, "H11_1", -523.18, -1535.47, "B", "DIP", "H11_A_1", "", "C", 66.93, 66.93, 43.31, 0],
		[33, "H11N1_1", -522.57, -640.47, "T", "DIP", "H11N1_1", "", "C", 66.93, 66.93, 43.31, 0],
		[34, "H11N1_1", -522.57, -640.47, "B", "DIP", "H11N1_1", "", "C", 66.93, 66.93, 43.31, 0],
		[35, "H12_1", 71.82, -2035.16, "T", "DIP", "H12_1", "", "C", 66.93, 66.93, 43.31, 0],
		[36, "H12_1", 71.82, -2035.16, "B", "DIP", "H12_1", "", "C", 66.93, 66.93, 43.31, 0],
		[37, "H12_1", -523.18, -1635.16, "T", "DIP", "H12_A_1", "", "C", 66.93, 66.93, 43.31, 0],
		[38, "H12_1", -523.18, -1635.16, "B", "DIP", "H12_A_1", "", "C", 66.93, 66.93, 43.31, 0],
		[39, "H12N1_1", -522.57, -740.16, "T", "DIP", "H12N1_1", "", "R", 66.93, 66.93, 43.31, 0],
		[40, "H12N1_1", -522.57, -740.16, "B", "DIP", "H12N1_1", "", "R", 66.93, 66.93, 43.31, 0],
		[41, "H13_1", 71.82, -2134.84, "T", "DIP", "H13_1", "", "C", 66.93, 66.93, 43.31, 0],
		[42, "H13_1", 71.82, -2134.84, "B", "DIP", "H13_1", "", "C", 66.93, 66.93, 43.31, 0],
		[43, "H13_1", -523.18, -1734.84, "T", "DIP", "H13_A_1", "", "C", 66.93, 66.93, 43.31, 0],
		[44, "H13_1", -523.18, -1734.84, "B", "DIP", "H13_A_1", "", "C", 66.93, 66.93, 43.31, 0],
		[45, "H13N1_1", -522.57, -839.84, "T", "DIP", "H13N1_1", "", "C", 66.93, 66.93, 43.31, 0],
		[46, "H13N1_1", -522.57, -839.84, "B", "DIP", "H13N1_1", "", "C", 66.93, 66.93, 43.31, 0],
		[47, "H14_1", 71.82, -2234.53, "T", "DIP", "H14_1", "", "C", 66.93, 66.93, 43.31, 0],
		[48, "H14_1", 71.82, -2234.53, "B", "DIP", "H14_1", "", "C", 66.93, 66.93, 43.31, 0],
		[49, "H14N1_1", -523.18, -1834.53, "T", "DIP", "H14N1_1", "", "C", 66.93, 66.93, 43.31, 0],
		[50, "H14N1_1", -523.18, -1834.53, "B", "DIP", "H14N1_1", "", "C", 66.93, 66.93, 43.31, 0],
		[51, "H15_1", 71.82, -2334.21, "T", "DIP", "H15_1", "", "C", 66.93, 66.93, 43.31, 0],
		[52, "H15_1", 71.82, -2334.21, "B", "DIP", "H15_1", "", "C", 66.93, 66.93, 43.31, 0],
		[53, "H15N1_1", -523.18, -1934.21, "T", "DIP", "H15N1_1", "", "C", 66.93, 66.93, 43.31, 0],
		[54, "H15N1_1", -523.18, -1934.21, "B", "DIP", "H15N1_1", "", "C", 66.93, 66.93, 43.31, 0],
		[55, "H16_1", 71.82, -440.2, "T", "DIP", "H16_1", "", "C", 66.93, 66.93, 43.31, 0],
		[56, "H16_1", 71.82, -440.2, "B", "DIP", "H16_1", "", "C", 66.93, 66.93, 43.31, 0],
		[57, "H17_1", 71.82, -539.88, "T", "DIP", "H17_1", "", "C", 66.93, 66.93, 43.31, 0],
		[58, "H17_1", 71.82, -539.88, "B", "DIP", "H17_1", "", "C", 66.93, 66.93, 43.31, 0],
		[59, "H18_1", 71.82, -639.57, "T", "DIP", "H18_1", "", "C", 66.93, 66.93, 43.31, 0],
		[60, "H18_1", 71.82, -639.57, "B", "DIP", "H18_1", "", "C", 66.93, 66.93, 43.31, 0],
		[61, "H19_1", 71.82, -739.25, "T", "DIP", "H19_1", "", "C", 66.93, 66.93, 43.31, 0],
		[62, "H19_1", 71.82, -739.25, "B", "DIP", "H19_1", "", "C", 66.93, 66.93, 43.31, 0],
		[63, "H20_1", 71.82, -838.94, "T", "DIP", "H20_1", "", "C", 66.93, 66.93, 43.31, 0],
		[64, "H20_1", 71.82, -838.94, "B", "DIP", "H20_1", "", "C", 66.93, 66.93, 43.31, 0],
		[65, "H21_1", 1072.14, -938.62, "T", "DIP", "H21_1", "", "C", 66.93, 66.93, 43.31, 0],
		[66, "H21_1", 1072.14, -938.62, "B", "DIP", "H21_1", "", "C", 66.93, 66.93, 43.31, 0],
		[67, "H22_1", 1072.14, -1038.31, "T", "DIP", "H22_1", "", "C", 66.93, 66.93, 43.31, 0],
		[68, "H22_1", 1072.14, -1038.31, "B", "DIP", "H22_1", "", "C", 66.93, 66.93, 43.31, 0],
		[69, "H23_1", 1072.14, -1137.99, "T", "DIP", "H23_1", "", "C", 66.93, 66.93, 43.31, 0],
		[70, "H23_1", 1072.14, -1137.99, "B", "DIP", "H23_1", "", "C", 66.93, 66.93, 43.31, 0],
		[71, "H24_1", 1072.14, -1237.68, "T", "DIP", "H24_1", "", "C", 66.93, 66.93, 43.31, 0],
		[72, "H24_1", 1072.14, -1237.68, "B", "DIP", "H24_1", "", "C", 66.93, 66.93, 43.31, 0],
		[73, "H25_1", 1072.14, -1337.36, "T", "DIP", "H25_1", "", "C", 66.93, 66.93, 43.31, 0],
		[74, "H25_1", 1072.14, -1337.36, "B", "DIP", "H25_1", "", "C", 66.93, 66.93, 43.31, 0],
		[75, "H26_1", 1072.14, -1437.05, "T", "DIP", "H26_1", "", "C", 66.93, 66.93, 43.31, 0],
		[76, "H26_1", 1072.14, -1437.05, "B", "DIP", "H26_1", "", "C", 66.93, 66.93, 43.31, 0],
		[77, "H26_1", 662.15, -586.06, "T", "DIP", "H26_A_1", "", "C", 66.93, 66.93, 43.31, 0],
		[78, "H26_1", 662.15, -586.06, "B", "DIP", "H26_A_1", "", "C", 66.93, 66.93, 43.31, 0],
		[79, "H26_1", 560, -585, "T", "DIP", "H26_B_1", "", "C", 66.93, 66.93, 43.31, 0],
		[80, "H26_1", 560, -585, "B", "DIP", "H26_B_1", "", "C", 66.93, 66.93, 43.31, 0],
		[81, "H26_1", 710, -480, "T", "DIP", "H26_C_1", "", "C", 66.93, 66.93, 43.31, 0],
		[82, "H26_1", 710, -480, "B", "DIP", "H26_C_1", "", "C", 66.93, 66.93, 43.31, 0],
		[83, "H26N1_1", 510, -485, "T", "DIP", "H26N1_1", "", "C", 66.93, 66.93, 43.31, 0],
		[84, "H26N1_1", 510, -485, "B", "DIP", "H26N1_1", "", "C", 66.93, 66.93, 43.31, 0],
		[85, "H27_1", 1072.14, -1536.73, "T", "DIP", "H27_1", "", "C", 66.93, 66.93, 43.31, 0],
		[86, "H27_1", 1072.14, -1536.73, "B", "DIP", "H27_1", "", "C", 66.93, 66.93, 43.31, 0],
		[87, "H28_1", 1072.14, -1636.42, "T", "DIP", "H28_1", "", "C", 66.93, 66.93, 43.31, 0],
		[88, "H28_1", 1072.14, -1636.42, "B", "DIP", "H28_1", "", "C", 66.93, 66.93, 43.31, 0],
		[89, "H29_1", 1072.14, -1736.1, "T", "DIP", "H29_1", "", "C", 66.93, 66.93, 43.31, 0],
		[90, "H29_1", 1072.14, -1736.1, "B", "DIP", "H29_1", "", "C", 66.93, 66.93, 43.31, 0],
		[91, "H30_1", 1072.14, -1835.79, "T", "DIP", "H30_1", "", "C", 66.93, 66.93, 43.31, 0],
		[92, "H30_1", 1072.14, -1835.79, "B", "DIP", "H30_1", "", "C", 66.93, 66.93, 43.31, 0],
		[93, "H31_1", 1072.14, -1935.47, "T", "DIP", "VCC", "", "C", 66.93, 66.93, 43.31, 0],
		[94, "H31_1", 1072.14, -1935.47, "B", "DIP", "VCC", "", "C", 66.93, 66.93, 43.31, 0],
		[95, "H32_1", 1072.14, -2035.16, "T", "DIP", "H32_1", "", "C", 66.93, 66.93, 43.31, 0],
		[96, "H32_1", 1072.14, -2035.16, "B", "DIP", "H32_1", "", "C", 66.93, 66.93, 43.31, 0],
		[97, "H33_1", 1072.14, -2134.84, "T", "DIP", "H33_1", "", "C", 66.93, 66.93, 43.31, 0],
		[98, "H33_1", 1072.14, -2134.84, "B", "DIP", "H33_1", "", "C", 66.93, 66.93, 43.31, 0],
		[99, "H34_1", 1072.14, -2234.53, "T", "DIP", "H34_1", "", "C", 66.93, 66.93, 43.31, 0],
		[100, "H34_1", 1072.14, -2234.53, "B", "DIP", "H34_1", "", "C", 66.93, 66.93, 43.31, 0],
		[101, "H35_1", 1072.14, -2334.21, "T", "DIP", "H35_1", "", "C", 66.93, 66.93, 43.31, 0],
		[102, "H35_1", 1072.14, -2334.21, "B", "DIP", "H35_1", "", "C", 66.93, 66.93, 43.31, 0],
		[103, "H36_1", 1072.14, -440.2, "T", "DIP", "H36_1", "", "R", 66.93, 66.93, 43.31, 0],
		[104, "H36_1", 1072.14, -440.2, "B", "DIP", "H36_1", "", "R", 66.93, 66.93, 43.31, 0],
		[105, "H37_1", 1072.14, -539.88, "T", "DIP", "H37_1", "", "C", 66.93, 66.93, 43.31, 0],
		[106, "H37_1", 1072.14, -539.88, "B", "DIP", "H37_1", "", "C", 66.93, 66.93, 43.31, 0],
		[107, "H38_1", 1072.14, -639.57, "T", "DIP", "H38_1", "", "C", 66.93, 66.93, 43.31, 0],
		[108, "H38_1", 1072.14, -639.57, "B", "DIP", "H38_1", "", "C", 66.93, 66.93, 43.31, 0],
		[109, "H39_1", 1072.14, -739.25, "T", "DIP", "H39_1", "", "C", 66.93, 66.93, 43.31, 0],
		[110, "H39_1", 1072.14, -739.25, "B", "DIP", "H39_1", "", "C", 66.93, 66.93, 43.31, 0],
		[111, "H40_1", 1072.14, -838.94, "T", "DIP", "H40_1", "", "C", 66.93, 66.93, 43.31, 0],
		[112, "H40_1", 1072.14, -838.94, "B", "DIP", "H40_1", "", "C", 66.93, 66.93, 43.31, 0],
		[113, "SW1_1", 1325.71, -571.42, "T", "SMD", "SW1_1", "", "R", 86.61, 59.05, 0, 0],
		[114, "SW1_2", 1664.29, -571.42, "T", "SMD", "SW1_2", "", "R", 86.61, 59.05, 0, 0],
		[115, "SW1_3", 1325.71, -748.58, "T", "SMD", "VCC", "", "R", 86.61, 59.05, 0, 0],
		[116, "SW1_4", 1664.29, -748.58, "T", "SMD", "SW1_4", "", "R", 86.61, 59.05, 0, 0],
		[117, "SW2_1", 1810.71, -821.42, "T", "SMD", "SW2_1", "", "R", 86.61, 59.05, 0, 0],
		[118, "SW2_2", 2149.29, -821.42, "T", "SMD", "SW2_2", "", "R", 86.61, 59.05, 0, 0],
		[119, "SW2_3", 1810.71, -998.58, "T", "SMD", "VCC", "", "R", 86.61, 59.05, 0, 0],
		[120, "SW2_4", 2149.29, -998.58, "T", "SMD", "SW2_4", "", "R", 86.61, 59.05, 0, 0],
		[121, "SW3_1", 1585.71, -1531.41, "T", "SMD", "VCC", "", "R", 86.61, 59.05, 0, 0],
		[122, "SW3_2", 1924.29, -1531.41, "T", "SMD", "SW3_2", "", "R", 86.61, 59.05, 0, 0],
		[123, "SW3_3", 1585.71, -1708.59, "T", "SMD", "SW3_3", "", "R", 86.61, 59.05, 0, 0],
		[124, "SW3_4", 1924.29, -1708.59, "T", "SMD", "SW3_4", "", "R", 86.61, 59.05, 0, 0],
		[125, "SW4_1", 1245.71, -1836.41, "T", "SMD", "VCC", "", "R", 86.61, 59.05, 0, 0],
		[126, "SW4_2", 1584.29, -1836.41, "T", "SMD", "SW4_2", "", "R", 86.61, 59.05, 0, 0],
		[127, "SW4_3", 1245.71, -2013.59, "T", "SMD", "SW4_3", "", "R", 86.61, 59.05, 0, 0],
		[128, "SW4_4", 1584.29, -2013.59, "T", "SMD", "SW4_4", "", "R", 86.61, 59.05, 0, 0],
		[129, "SW5_1", 1930.71, -1836.41, "T", "SMD", "VCC", "", "R", 86.61, 59.05, 0, 0],
		[130, "SW5_2", 2269.29, -1836.41, "T", "SMD", "SW5_2", "", "R", 86.61, 59.05, 0, 0],
		[131, "SW5_3", 1930.71, -2013.59, "T", "SMD", "SW5_3", "", "R", 86.61, 59.05, 0, 0],
		[132, "SW5_4", 2269.29, -2013.59, "T", "SMD", "SW5_4", "", "R", 86.61, 59.05, 0, 0],
		[133, "SW6_1", 1585.71, -2141.41, "T", "SMD", "VCC", "", "R", 86.61, 59.05, 0, 0],
		[134, "SW6_2", 1924.29, -2141.41, "T", "SMD", "SW6_2", "", "R", 86.61, 59.05, 0, 0],
		[135, "SW6_3", 1585.71, -2318.59, "T", "SMD", "SW6_3", "", "R", 86.61, 59.05, 0, 0],
		[136, "SW6_4", 1924.29, -2318.59, "T", "SMD", "SW6_4", "", "R", 86.61, 59.05, 0, 0],
		[137, "PAD1_3", 1325.71, -748.59, "T", "DIP", "VCC", "", "C", 66.93, 66.93, 43.31, 0],
		[138, "PAD1_3", 1325.71, -748.59, "B", "DIP", "VCC", "", "C", 66.93, 66.93, 43.31, 0],
		[139, "PAD2_7", 1810, -1000, "T", "DIP", "VCC", "", "C", 66.93, 66.93, 43.31, 0],
		[140, "PAD2_7", 1810, -1000, "B", "DIP", "VCC", "", "C", 66.93, 66.93, 43.31, 0],
		[141, "PAD3_8", 1585, -1530, "T", "DIP", "VCC", "", "C", 66.93, 66.93, 43.31, 0],
		[142, "PAD3_8", 1585, -1530, "B", "DIP", "VCC", "", "C", 66.93, 66.93, 43.31, 0],
		[143, "PAD4_12", 1925, -1835, "T", "DIP", "VCC", "", "C", 66.93, 66.93, 43.31, 0],
		[144, "PAD4_12", 1925, -1835, "B", "DIP", "VCC", "", "C", 66.93, 66.93, 43.31, 0],
		[145, "PAD5_14", 1242.44, -1835.75, "T", "DIP", "VCC", "", "C", 66.93, 66.93, 43.31, 0],
		[146, "PAD5_14", 1242.44, -1835.75, "B", "DIP", "VCC", "", "C", 66.93, 66.93, 43.31, 0],
		[147, "PAD6_17", 1585, -2145, "T", "DIP", "VCC", "", "C", 66.93, 66.93, 43.31, 0],
		[148, "PAD6_17", 1585, -2145, "B", "DIP", "VCC", "", "C", 66.93, 66.93, 43.31, 0],
		[149, "PAD7_1", 1650, -1275, "T", "DIP", "VCC", "", "C", 60, 60, 36, 0],
		[150, "PAD7_1", 1650, -1275, "B", "DIP", "VCC", "", "C", 60, 60, 36, 0]
	]
}
}